annotation id,objective test score,organization level,global score,categories ordered,self order grouped,self order score,normalized self order score,clustering free recall,category statistics,pathophysiology,epidemiology,etiology,history,physical,exams,differential,therapeutic,used categories,total annotations,ideas,computed score,cluster kmeans emb,cluster kmeans 3 emb,cluster kmeans cat,cluster kmeans 3 cat,cluster agg emb,cluster agg 3 emb,cluster agg cat,cluster agg 3 cat,cluster gmm emb,cluster gmm 3 emb,cluster gmm cat,cluster gmm 3 cat,cluster birch emb,cluster birch 3 emb,cluster birch cat,cluster birch 3 cat,year
003f53c7-d29c-4392-9582-33f5e6d9b326,67,3.0,7.0,"[[2, 82, 1], [4, 93, 1], [1, 119, 9], [4, 378, 2], [5, 428, 8], [6, 707, 1], [4, 743, 1], [6, 772, 3]]",epidemiology:82/1; history:93/7; pathophysiology:119/9; history:378/2; physical:428/8; exams:707/7; history:743/1; exams:772/3,3,0.390625,-0.5,"{'pathophysiology': 9, 'epidemiology': 1, 'etiology': 0, 'history': 4, 'physical': 8, 'exams': 4, 'differential': 0, 'therapeutic': 0, 'used categories': 5, 'total annotations': 8, 'ideas': 8}",9,1,0,4,8,4,0,0,5,8,8,6.85,2,2,5,1,2,2,1,0,2,2,5,1,2,2,6,2,5.0
01db4ec5-29a5-4c9e-876a-675ae4178669,88,4.0,9.0,"[[2, 57, 1], [4, 109, 2], [5, 272, 1], [1, 311, 1], [5, 339, 1], [1, 365, 1], [6, 423, 2], [1, 465, 1], [8, 502, 7]]",epidemiology:57/1; history:109/2; physical:272/3; pathophysiology:311/5; physical:339/1; pathophysiology:365/1; exams:423/2; pathophysiology:465/1; therapeutic:502/7,3,0.5,-0.42105263157894735,"{'pathophysiology': 3, 'epidemiology': 1, 'etiology': 0, 'history': 2, 'physical': 2, 'exams': 2, 'differential': 0, 'therapeutic': 7, 'used categories': 6, 'total annotations': 9, 'ideas': 9}",3,1,0,2,2,2,0,7,6,9,9,8.9,2,2,7,1,2,2,5,2,2,2,7,1,2,2,6,2,6.0
05dee518-259b-45da-bd76-f5c78d99bfcb,82,3.0,8.0,"[[1, 2, 1], [2, 62, 2], [4, 141, 1], [8, 187, 1], [2, 240, 1], [4, 240, 2], [1, 308, 5], [5, 477, 2], [6, 507, 1], [5, 523, 2], [6, 579, 1], [1, 623, 2], [8, 669, 3]]",pathophysiology:2/15; epidemiology:62/4; history:141/5; therapeutic:187/7; epidemiology:240/1; history:240/2; pathophysiology:308/5; physical:477/6; exams:507/3; physical:523/2; exams:579/1; pathophysiology:623/2; therapeutic:669/3,7,0.34615384615384615,-0.21333333333333335,"{'pathophysiology': 8, 'epidemiology': 3, 'etiology': 0, 'history': 3, 'physical': 4, 'exams': 2, 'differential': 0, 'therapeutic': 4, 'used categories': 6, 'total annotations': 13, 'ideas': 12}",8,3,0,3,4,2,0,4,6,13,12,8.1,2,2,6,1,2,2,6,2,2,2,6,2,2,2,8,2,6.0
06ce0202-7cfc-4633-94bf-ce457e4bb581,79,1.0,2.0,"[[3, 54, 1], [1, 64, 6]]",etiology:54/1; pathophysiology:64/6,0,0.25,0.0/0.0,"{'pathophysiology': 6, 'epidemiology': 0, 'etiology': 1, 'history': 0, 'physical': 0, 'exams': 0, 'differential': 0, 'therapeutic': 0, 'used categories': 2, 'total annotations': 2, 'ideas': 2}",6,0,1,0,0,0,0,0,2,2,2,4.95,0,0,0,0,0,0,0,0,0,0,0,0,0,0,1,0,5.0
0a1c31b2-e24c-40a4-84d3-6f115d1b7a89,73,2.0,3.0,"[[1, 41, 1], [6, 129, 1], [1, 146, 1], [8, 201, 3]]",pathophysiology:41/3; exams:129/1; pathophysiology:146/1; therapeutic:201/3,1,0.28125,-1.0,"{'pathophysiology': 2, 'epidemiology': 0, 'etiology': 0, 'history': 0, 'physical': 0, 'exams': 1, 'differential': 0, 'therapeutic': 3, 'used categories': 3, 'total annotations': 4, 'ideas': 4}",2,0,0,0,0,1,0,3,3,4,4,5.15,1,1,0,0,2,2,0,0,0,0,0,0,2,2,3,2,5.0
0a588b41-ad55-45e8-87d3-943d00876e2f,49,3.0,4.0,"[[4, 13, 1], [1, 42, 1], [3, 65, 2], [8, 172, 1], [5, 243, 2]]",history:13/1; pathophysiology:42/1; etiology:65/2; therapeutic:172/1; physical:243/2,0,0.625,0.0/0.0,"{'pathophysiology': 1, 'epidemiology': 0, 'etiology': 2, 'history': 1, 'physical': 2, 'exams': 0, 'differential': 0, 'therapeutic': 1, 'used categories': 5, 'total annotations': 5, 'ideas': 5}",1,0,2,1,2,0,0,1,5,5,5,4.45,1,1,1,0,1,1,2,0,1,1,0,0,1,1,4,1,2.0
0d0eb5af-5700-4018-aeab-b0fdffe7037b,94,3.0,8.0,"[[1, 10, 1], [3, 84, 1], [8, 100, 3], [6, 176, 2], [8, 228, 2], [6, 292, 1], [4, 315, 1], [8, 368, 1], [6, 394, 1], [4, 415, 1], [8, 454, 1], [4, 472, 3], [8, 571, 4], [6, 697, 1], [4, 729, 1], [8, 758, 3], [2, 845, 1], [3, 890, 1], [8, 927, 2]]",pathophysiology:10/1; etiology:84/3; therapeutic:100/21; exams:176/8; therapeutic:228/2; exams:292/1; history:315/11; therapeutic:368/1; exams:394/1; history:415/1; therapeutic:454/1; history:472/3; therapeutic:571/4; exams:697/1; history:729/1; therapeutic:758/3; epidemiology:845/1; etiology:890/1; therapeutic:927/2,11,0.3157894736842105,-0.37988826815642446,"{'pathophysiology': 1, 'epidemiology': 1, 'etiology': 2, 'history': 6, 'physical': 0, 'exams': 5, 'differential': 0, 'therapeutic': 16, 'used categories': 6, 'total annotations': 19, 'ideas': 19}",1,1,2,6,0,5,0,16,6,19,19,8.7,1,1,8,2,2,2,8,2,2,2,8,2,2,2,7,2,6.0
0de54166-ef54-474e-9b46-821d7b3b967b,74,2.0,5.0,"[[2, 29, 1], [4, 71, 2], [6, 150, 1], [1, 188, 1], [8, 209, 5], [4, 363, 1], [7, 390, 2]]",epidemiology:29/1; history:71/4; exams:150/1; pathophysiology:188/1; therapeutic:209/5; history:363/1; differential:390/2,1,0.6428571428571429,-0.4000000000000002,"{'pathophysiology': 1, 'epidemiology': 1, 'etiology': 0, 'history': 3, 'physical': 0, 'exams': 1, 'differential': 2, 'therapeutic': 5, 'used categories': 6, 'total annotations': 7, 'ideas': 7}",1,1,0,3,0,1,2,5,6,7,7,6.2,2,2,2,1,2,2,2,0,2,2,2,1,2,2,8,2,5.0
0ff7ee4b-d02c-4ff4-a53a-e897d322bdb7,60,3.0,6.0,"[[6, 0, 2], [2, 83, 2], [1, 132, 1], [4, 212, 2], [6, 245, 1], [8, 335, 3]]",exams:0/4; epidemiology:83/2; pathophysiology:132/1; history:212/2; exams:245/1; therapeutic:335/3,1,0.5208333333333334,-0.49999999999999983,"{'pathophysiology': 1, 'epidemiology': 2, 'etiology': 0, 'history': 2, 'physical': 0, 'exams': 3, 'differential': 0, 'therapeutic': 3, 'used categories': 5, 'total annotations': 6, 'ideas': 6}",1,2,0,2,0,3,0,3,5,6,6,6.0,2,2,2,1,2,2,2,0,1,1,2,0,2,2,6,2,3.0
1304575a-bd11-468e-8fd6-9a6a05276c9a,79,3.0,7.0,"[[4, 10, 1], [1, 52, 1], [3, 84, 2], [4, 154, 1], [6, 188, 9], [4, 406, 1], [8, 456, 3], [4, 576, 1], [1, 600, 2], [8, 680, 1]]",history:10/7; pathophysiology:52/5; etiology:84/2; history:154/1; exams:188/9; history:406/1; therapeutic:456/5; history:576/1; pathophysiology:600/2; therapeutic:680/1,5,0.3125,-0.4705882352941177,"{'pathophysiology': 3, 'epidemiology': 0, 'etiology': 2, 'history': 4, 'physical': 0, 'exams': 9, 'differential': 0, 'therapeutic': 4, 'used categories': 5, 'total annotations': 10, 'ideas': 10}",3,0,2,4,0,9,0,4,5,10,10,7.45,1,1,4,1,2,2,4,2,2,2,4,1,2,2,8,2,5.0
14323bce-7c54-4d99-ab16-79195d3e593a,101,1.0,3.0,"[[6, 0, 1], [4, 28, 2], [5, 45, 2], [3, 67, 1], [1, 83, 2], [8, 118, 4], [4, 184, 1], [8, 200, 3]]",exams:0/1; history:28/4; physical:45/2; etiology:67/1; pathophysiology:83/2; therapeutic:118/10; history:184/1; therapeutic:200/3,2,0.5625,-0.3333333333333333,"{'pathophysiology': 2, 'epidemiology': 0, 'etiology': 1, 'history': 3, 'physical': 2, 'exams': 1, 'differential': 0, 'therapeutic': 7, 'used categories': 6, 'total annotations': 8, 'ideas': 8}",2,0,1,3,2,1,0,7,6,8,8,6.55,1,1,7,1,1,1,5,2,1,1,7,1,1,1,4,1,6.0
17ce0269-6c07-4ad6-a7f0-2a9a0e591db8,88,2.0,4.0,"[[1, 33, 2], [3, 112, 1], [1, 175, 2], [6, 231, 3], [7, 231, 1]]",pathophysiology:33/6; etiology:112/1; pathophysiology:175/2; exams:231/3; differential:231/1,1,0.4,-0.6666666666666664,"{'pathophysiology': 4, 'epidemiology': 0, 'etiology': 1, 'history': 0, 'physical': 0, 'exams': 3, 'differential': 1, 'therapeutic': 0, 'used categories': 4, 'total annotations': 5, 'ideas': 4}",4,0,1,0,0,3,1,0,4,5,4,6.4,0,0,0,0,2,2,0,0,0,0,0,0,2,2,3,2,6.0
1dcfbe20-a01a-43bc-871f-4221511384f4,97,3.0,7.0,"[[1, 10, 1], [6, 53, 1], [2, 112, 1], [1, 153, 2], [5, 344, 3], [1, 441, 1], [7, 453, 1], [8, 504, 6]]",pathophysiology:10/7; exams:53/1; epidemiology:112/1; pathophysiology:153/2; physical:344/3; pathophysiology:441/1; differential:453/1; therapeutic:504/6,2,0.5625,-0.6,"{'pathophysiology': 4, 'epidemiology': 1, 'etiology': 0, 'history': 0, 'physical': 3, 'exams': 1, 'differential': 1, 'therapeutic': 6, 'used categories': 6, 'total annotations': 8, 'ideas': 8}",4,1,0,0,3,1,1,6,6,8,8,8.35,1,1,7,1,2,2,5,2,0,0,7,1,2,2,7,2,6.0
1fd685fb-cd42-450d-8e78-4e7c7eae59d6,64,2.0,5.0,"[[1, 15, 3], [8, 166, 1], [3, 241, 1], [4, 324, 4], [8, 428, 1], [5, 470, 2]]",pathophysiology:15/3; therapeutic:166/3; etiology:241/1; history:324/4; therapeutic:428/1; physical:470/2,1,0.5208333333333334,-0.49999999999999983,"{'pathophysiology': 3, 'epidemiology': 0, 'etiology': 1, 'history': 4, 'physical': 2, 'exams': 0, 'differential': 0, 'therapeutic': 2, 'used categories': 5, 'total annotations': 6, 'ideas': 6}",3,0,1,4,2,0,0,2,5,6,6,5.7,1,1,2,1,1,1,2,0,1,1,1,0,1,1,4,1,3.0
26d6be02-7a0e-4b12-a6d7-fff2e1497948,49,1.0,4.0,"[[1, 0, 3], [3, 50, 2], [1, 78, 2], [3, 172, 2], [1, 218, 2], [5, 262, 2], [6, 351, 2], [7, 414, 2], [8, 471, 4]]",pathophysiology:0/11; etiology:50/6; pathophysiology:78/2; etiology:172/2; pathophysiology:218/2; physical:262/2; exams:351/2; differential:414/2; therapeutic:471/4,3,0.5,-0.42105263157894735,"{'pathophysiology': 7, 'epidemiology': 0, 'etiology': 4, 'history': 0, 'physical': 2, 'exams': 2, 'differential': 2, 'therapeutic': 4, 'used categories': 6, 'total annotations': 9, 'ideas': 9}",7,0,4,0,2,2,2,4,6,9,9,4.45,1,1,3,1,2,2,3,1,0,0,3,1,2,2,7,2,2.0
2d47bd45-7cd4-4ff9-8265-8b95a2dcbadf,85,3.0,4.0,"[[3, 37, 2], [2, 37, 2], [1, 143, 8], [4, 435, 1], [8, 515, 1], [4, 549, 1], [6, 560, 1], [1, 614, 3], [8, 698, 1]]",epidemiology:37/2; etiology:37/2; pathophysiology:143/14; history:435/3; therapeutic:515/3; history:549/1; exams:560/1; pathophysiology:614/3; therapeutic:698/1,3,0.5,-0.2857142857142858,"{'pathophysiology': 11, 'epidemiology': 2, 'etiology': 2, 'history': 2, 'physical': 0, 'exams': 1, 'differential': 0, 'therapeutic': 2, 'used categories': 6, 'total annotations': 9, 'ideas': 8}",11,2,2,2,0,1,0,2,6,9,8,6.25,2,2,3,1,2,2,3,1,2,2,3,1,2,2,8,2,6.0
2de05536-d5c7-4e4d-b356-1d133084b6cc,74,1.0,2.0,"[[6, 49, 1], [4, 103, 1], [1, 130, 1]]",exams:49/1; history:103/1; pathophysiology:130/1,0,0.375,0.0/0.0,"{'pathophysiology': 1, 'epidemiology': 0, 'etiology': 0, 'history': 1, 'physical': 0, 'exams': 1, 'differential': 0, 'therapeutic': 0, 'used categories': 3, 'total annotations': 3, 'ideas': 3}",1,0,0,1,0,1,0,0,3,3,3,4.7,0,0,0,0,1,1,0,0,1,1,0,0,1,1,2,1,4.0
2f60ded4-e6f5-40b9-a39b-294391e85964,96,3.0,9.0,"[[1, 61, 2], [3, 125, 3], [7, 259, 1], [5, 328, 2], [6, 402, 2], [5, 474, 3], [1, 558, 2], [6, 645, 1], [8, 743, 5], [2, 971, 1]]",pathophysiology:61/6; etiology:125/3; differential:259/1; physical:328/8; exams:402/4; physical:474/3; pathophysiology:558/2; exams:645/1; therapeutic:743/5; epidemiology:971/1,3,0.6124999999999999,-0.25000000000000006,"{'pathophysiology': 4, 'epidemiology': 1, 'etiology': 3, 'history': 0, 'physical': 5, 'exams': 3, 'differential': 1, 'therapeutic': 5, 'used categories': 7, 'total annotations': 10, 'ideas': 10}",4,1,3,0,5,3,1,5,7,10,10,9.3,1,1,7,1,2,2,5,2,0,0,7,1,2,2,7,2,6.0
2fff9e4c-b818-4d3d-9ffd-f0481dcde684,54,2.0,4.0,"[[1, 37, 3], [5, 95, 1], [1, 114, 11]]",pathophysiology:37/25; physical:95/1; pathophysiology:114/11,1,0.16666666666666669,-2.000000000000001,"{'pathophysiology': 14, 'epidemiology': 0, 'etiology': 0, 'history': 0, 'physical': 1, 'exams': 0, 'differential': 0, 'therapeutic': 0, 'used categories': 2, 'total annotations': 3, 'ideas': 3}",14,0,0,0,1,0,0,0,2,3,3,4.7,0,0,3,0,0,0,3,1,0,0,3,0,0,0,1,0,5.0
3096b0af-9599-4bac-b786-3589e6195a23,63,3.0,6.0,"[[1, 83, 8], [4, 363, 2], [8, 435, 1]]",pathophysiology:83/8; history:363/2; therapeutic:435/1,0,0.375,0.0/0.0,"{'pathophysiology': 8, 'epidemiology': 0, 'etiology': 0, 'history': 2, 'physical': 0, 'exams': 0, 'differential': 0, 'therapeutic': 1, 'used categories': 3, 'total annotations': 3, 'ideas': 3}",8,0,0,2,0,0,0,1,3,3,3,6.15,1,1,0,0,1,1,0,0,1,1,0,0,1,1,2,1,2.0
31f5ca0e-5fab-4c77-8177-44626e51f605,66,2.0,3.0,"[[2, 26, 1], [1, 63, 2], [5, 90, 1], [1, 160, 1], [6, 181, 1]]",epidemiology:26/1; pathophysiology:63/4; physical:90/1; pathophysiology:160/1; exams:181/1,1,0.4,-0.6666666666666664,"{'pathophysiology': 3, 'epidemiology': 1, 'etiology': 0, 'history': 0, 'physical': 1, 'exams': 1, 'differential': 0, 'therapeutic': 0, 'used categories': 4, 'total annotations': 5, 'ideas': 5}",3,1,0,0,1,1,0,0,4,5,5,4.8,2,2,0,0,2,2,0,0,0,0,0,0,2,2,5,2,4.0
377228ce-6dd3-4d13-9c45-938d4fb84874,54,3.0,6.0,"[[5, 26, 2], [4, 183, 2], [3, 316, 2], [6, 385, 1], [8, 442, 2]]",physical:26/2; history:183/2; etiology:316/2; exams:385/1; therapeutic:442/2,0,0.625,0.0/0.0,"{'pathophysiology': 0, 'epidemiology': 0, 'etiology': 2, 'history': 2, 'physical': 2, 'exams': 1, 'differential': 0, 'therapeutic': 2, 'used categories': 5, 'total annotations': 5, 'ideas': 5}",0,0,2,2,2,1,0,2,5,5,5,5.7,1,1,1,0,1,1,2,0,1,1,1,0,1,1,4,1,4.0
41316e0a-d3d1-4187-b99d-a4dc41c64cec,37,2.0,5.0,"[[3, 76, 1], [1, 141, 3], [5, 327, 1], [4, 412, 1], [1, 436, 2]]",etiology:76/1; pathophysiology:141/7; physical:327/1; history:412/1; pathophysiology:436/2,1,0.4,-0.6666666666666664,"{'pathophysiology': 5, 'epidemiology': 0, 'etiology': 1, 'history': 1, 'physical': 1, 'exams': 0, 'differential': 0, 'therapeutic': 0, 'used categories': 4, 'total annotations': 5, 'ideas': 5}",5,0,1,1,1,0,0,0,4,5,5,4.35,0,0,0,0,1,1,0,0,1,1,0,0,1,1,2,1,3.0
42482cf2-eefd-438e-8790-9641c96ce6fe,52,1.0,1.0,"[[3, 30, 1], [1, 89, 1], [5, 126, 1]]",etiology:30/1; pathophysiology:89/1; physical:126/1,0,0.375,0.0/0.0,"{'pathophysiology': 1, 'epidemiology': 0, 'etiology': 1, 'history': 0, 'physical': 1, 'exams': 0, 'differential': 0, 'therapeutic': 0, 'used categories': 3, 'total annotations': 3, 'ideas': 3}",1,0,1,0,1,0,0,0,3,3,3,3.1,0,0,0,0,0,0,0,0,0,0,0,0,0,0,1,0,2.0
467a0d20-9fc4-4c99-9501-408ebeda76d4,62,2.0,6.0,"[[1, 2, 1], [4, 52, 1], [2, 88, 1], [1, 134, 2], [3, 208, 2], [2, 208, 3], [4, 278, 1], [5, 319, 2], [4, 433, 6], [6, 522, 2]]",pathophysiology:2/5; history:52/15; epidemiology:88/7; pathophysiology:134/2; epidemiology:208/3; etiology:208/2; history:278/1; physical:319/2; history:433/6; exams:522/2,4,0.44999999999999996,-0.3333333333333333,"{'pathophysiology': 3, 'epidemiology': 4, 'etiology': 2, 'history': 8, 'physical': 2, 'exams': 2, 'differential': 0, 'therapeutic': 0, 'used categories': 6, 'total annotations': 10, 'ideas': 9}",3,4,2,8,2,2,0,0,6,10,9,6.1,2,2,2,1,2,2,2,0,2,2,2,1,2,2,8,2,4.0
498da349-a516-48cb-b7c7-7d406697dadc,78,2.0,6.0,"[[3, 27, 1], [7, 73, 1], [4, 91, 1], [8, 155, 6], [6, 353, 2], [5, 430, 4], [8, 548, 2]]",etiology:27/1; differential:73/1; history:91/1; therapeutic:155/10; exams:353/2; physical:430/4; therapeutic:548/2,1,0.6428571428571429,-0.4000000000000002,"{'pathophysiology': 0, 'epidemiology': 0, 'etiology': 1, 'history': 1, 'physical': 4, 'exams': 2, 'differential': 1, 'therapeutic': 8, 'used categories': 6, 'total annotations': 7, 'ideas': 7}",0,0,1,1,4,2,1,8,6,7,7,6.9,1,1,7,1,2,2,5,2,1,1,7,1,2,2,7,2,4.0
4a922ef2-faa8-475b-aca4-c6a0d5fbdd4a,72,2.0,6.0,"[[2, 25, 2], [6, 112, 1], [4, 165, 1], [5, 175, 3], [1, 241, 1], [5, 292, 3], [4, 377, 1], [6, 406, 2], [5, 455, 2], [4, 525, 1], [6, 548, 2], [4, 631, 1], [5, 644, 1], [4, 666, 1], [5, 684, 1]]",epidemiology:25/2; exams:112/5; history:165/9; physical:175/15; pathophysiology:241/1; physical:292/3; history:377/1; exams:406/2; physical:455/2; history:525/1; exams:548/2; history:631/1; physical:644/1; history:666/1; physical:684/1,8,0.2916666666666667,-0.44230769230769224,"{'pathophysiology': 1, 'epidemiology': 2, 'etiology': 0, 'history': 5, 'physical': 10, 'exams': 5, 'differential': 0, 'therapeutic': 0, 'used categories': 5, 'total annotations': 15, 'ideas': 15}",1,2,0,5,10,5,0,0,5,15,15,6.6,2,2,5,1,2,2,6,2,2,2,5,2,2,2,6,2,5.0
4c9cfb0e-2558-4713-961b-d30dc6df6212,94,3.0,6.0,"[[1, 17, 4], [3, 161, 1], [2, 205, 1], [3, 242, 2], [2, 296, 2], [1, 357, 1], [4, 430, 3], [8, 540, 2]]",pathophysiology:17/6; etiology:161/5; epidemiology:205/5; etiology:242/2; epidemiology:296/2; pathophysiology:357/1; history:430/3; therapeutic:540/2,3,0.390625,-0.3333333333333333,"{'pathophysiology': 5, 'epidemiology': 3, 'etiology': 3, 'history': 3, 'physical': 0, 'exams': 0, 'differential': 0, 'therapeutic': 2, 'used categories': 5, 'total annotations': 8, 'ideas': 8}",5,3,3,3,0,0,0,2,5,8,8,7.7,2,2,2,1,2,2,3,1,2,2,2,1,2,2,8,2,6.0
5aec542f-5492-4c2e-ba5e-76b6d21e33fe,77,4.0,9.0,"[[1, 31, 1], [3, 68, 1], [1, 133, 4], [5, 282, 4], [6, 407, 1], [4, 454, 1], [2, 568, 1], [6, 587, 1], [8, 625, 1], [4, 695, 4], [8, 862, 7], [6, 1073, 1], [8, 1115, 3], [6, 1307, 1], [8, 1350, 1], [1, 1405, 1], [8, 1462, 2], [4, 1539, 1]]",pathophysiology:31/11; etiology:68/1; pathophysiology:133/4; physical:282/4; exams:407/7; history:454/11; epidemiology:568/1; exams:587/1; therapeutic:625/17; history:695/4; therapeutic:862/7; exams:1073/1; therapeutic:1115/3; exams:1307/1; therapeutic:1350/1; pathophysiology:1405/1; therapeutic:1462/2; history:1539/1,9,0.4375,-0.28571428571428575,"{'pathophysiology': 6, 'epidemiology': 1, 'etiology': 1, 'history': 6, 'physical': 4, 'exams': 4, 'differential': 0, 'therapeutic': 14, 'used categories': 7, 'total annotations': 18, 'ideas': 18}",6,1,1,6,4,4,0,14,7,18,18,8.35,1,1,8,2,2,2,8,2,2,2,8,2,2,2,7,2,5.0
5b094001-b722-4632-a880-6706f4aec4e0,69,3.0,4.0,"[[2, 18, 3], [4, 69, 3], [5, 133, 1], [6, 182, 2], [8, 233, 3]]",epidemiology:18/3; history:69/3; physical:133/1; exams:182/2; therapeutic:233/3,0,0.625,0.0/0.0,"{'pathophysiology': 0, 'epidemiology': 3, 'etiology': 0, 'history': 3, 'physical': 1, 'exams': 2, 'differential': 0, 'therapeutic': 3, 'used categories': 5, 'total annotations': 5, 'ideas': 5}",0,3,0,3,1,2,0,3,5,5,5,5.45,2,2,2,1,2,2,2,0,1,1,2,1,2,2,6,2,4.0
5b687e09-128b-4b3a-a3a8-9176efffab4e,71,2.0,5.0,"[[1, 59, 2], [3, 176, 2], [8, 276, 2], [1, 322, 1], [4, 372, 1], [1, 425, 4], [5, 556, 1], [6, 582, 1]]",pathophysiology:59/12; etiology:176/2; therapeutic:276/2; pathophysiology:322/1; history:372/1; pathophysiology:425/4; physical:556/1; exams:582/1,2,0.5625,-0.6,"{'pathophysiology': 7, 'epidemiology': 0, 'etiology': 2, 'history': 1, 'physical': 1, 'exams': 1, 'differential': 0, 'therapeutic': 2, 'used categories': 6, 'total annotations': 8, 'ideas': 8}",7,0,2,1,1,1,0,2,6,8,8,6.05,1,1,3,1,1,1,3,1,1,1,3,1,1,1,4,1,4.0
5fcae54f-e47a-4171-8cf0-a963a8f393cc,47,2.0,1.0,"[[1, 0, 2]]",pathophysiology:0/2,0,0.125,,"{'pathophysiology': 2, 'epidemiology': 0, 'etiology': 0, 'history': 0, 'physical': 0, 'exams': 0, 'differential': 0, 'therapeutic': 0, 'used categories': 1, 'total annotations': 1, 'ideas': 1}",2,0,0,0,0,0,0,0,1,1,1,2.85,0,0,0,0,0,0,0,0,0,0,0,0,0,0,0,0,1.0
61d9af8b-1d37-44da-aeb0-a94514cc482d,93,3.0,7.0,"[[1, 11, 1], [6, 74, 1], [2, 154, 1], [4, 199, 1], [5, 248, 2], [3, 314, 1], [2, 337, 1], [1, 371, 2], [8, 497, 5], [4, 634, 1], [6, 676, 1], [8, 743, 2], [6, 918, 3], [5, 984, 1], [1, 1015, 1]]",pathophysiology:11/7; exams:74/9; epidemiology:154/3; history:199/3; physical:248/4; etiology:314/1; epidemiology:337/1; pathophysiology:371/2; therapeutic:497/9; history:634/1; exams:676/1; therapeutic:743/2; exams:918/3; physical:984/1; pathophysiology:1015/1,8,0.4083333333333333,-0.20000000000000004,"{'pathophysiology': 4, 'epidemiology': 2, 'etiology': 1, 'history': 2, 'physical': 3, 'exams': 5, 'differential': 0, 'therapeutic': 7, 'used categories': 7, 'total annotations': 15, 'ideas': 15}",4,2,1,2,3,5,0,7,7,15,15,8.15,2,2,6,2,2,2,6,2,2,2,6,2,2,2,7,2,6.0
62b34dd7-788a-41d6-bdcf-7e6397c4eaa2,71,2.0,3.0,"[[1, 30, 1], [3, 75, 2], [4, 129, 1], [5, 129, 4], [4, 193, 1]]",pathophysiology:30/1; etiology:75/2; history:129/2; physical:129/4,0,0.5,1.0,"{'pathophysiology': 1, 'epidemiology': 0, 'etiology': 2, 'history': 2, 'physical': 4, 'exams': 0, 'differential': 0, 'therapeutic': 0, 'used categories': 4, 'total annotations': 5, 'ideas': 4}",1,0,2,2,4,0,0,0,4,5,4,5.05,0,0,1,0,1,1,2,0,1,1,1,0,1,1,2,1,4.0
63e4a883-8274-4675-915f-898a8cbc050e,60,2.0,4.0,"[[1, 20, 3], [5, 173, 1], [1, 260, 2]]",pathophysiology:20/7; physical:173/1; pathophysiology:260/2,1,0.16666666666666669,-2.000000000000001,"{'pathophysiology': 5, 'epidemiology': 0, 'etiology': 0, 'history': 0, 'physical': 1, 'exams': 0, 'differential': 0, 'therapeutic': 0, 'used categories': 2, 'total annotations': 3, 'ideas': 3}",5,0,0,0,1,0,0,0,2,3,3,5.0,0,0,0,0,0,0,0,0,0,0,0,0,0,0,1,0,2.0
6842aaff-c74f-4119-9941-923307865068,58,2.0,5.0,"[[2, 45, 1], [4, 81, 1], [5, 121, 1], [4, 149, 1], [1, 184, 1], [2, 237, 1], [7, 290, 1], [6, 327, 1], [5, 349, 5], [1, 515, 1]]",epidemiology:45/3; history:81/3; physical:121/11; history:149/1; pathophysiology:184/3; epidemiology:237/1; differential:290/1; exams:327/1; physical:349/5; pathophysiology:515/1,4,0.44999999999999996,-0.25,"{'pathophysiology': 2, 'epidemiology': 2, 'etiology': 0, 'history': 2, 'physical': 6, 'exams': 1, 'differential': 1, 'therapeutic': 0, 'used categories': 6, 'total annotations': 10, 'ideas': 10}",2,2,0,2,6,1,1,0,6,10,10,5.4,2,2,1,1,2,2,5,2,2,2,1,1,2,2,6,2,3.0
6ba9f943-2cc3-4b47-9e65-ffaa53d68b91,55,2.0,4.0,"[[1, 44, 2], [3, 97, 1], [4, 149, 1], [3, 190, 1], [2, 190, 2], [8, 258, 2], [1, 309, 3]]",pathophysiology:44/8; etiology:97/3; history:149/1; epidemiology:190/2; etiology:190/1; therapeutic:258/2; pathophysiology:309/3,2,0.44642857142857145,-0.39999999999999997,"{'pathophysiology': 5, 'epidemiology': 2, 'etiology': 2, 'history': 1, 'physical': 0, 'exams': 0, 'differential': 0, 'therapeutic': 2, 'used categories': 5, 'total annotations': 7, 'ideas': 6}",5,2,2,1,0,0,0,2,5,7,6,4.75,2,2,2,1,2,2,3,1,2,2,2,1,2,2,8,2,2.0
6c118cb7-47ad-41fa-b429-51c7232e7a66,52,2.0,5.0,"[[3, 70, 4], [2, 268, 1], [1, 322, 2], [3, 533, 1], [1, 544, 1], [5, 588, 1], [3, 612, 1], [6, 622, 2], [3, 666, 1], [2, 672, 1], [1, 706, 5]]",etiology:70/10; epidemiology:268/3; pathophysiology:322/14; etiology:533/1; pathophysiology:544/1; physical:588/1; etiology:612/1; exams:622/2; etiology:666/1; epidemiology:672/1; pathophysiology:706/5,6,0.2840909090909091,-0.4347826086956522,"{'pathophysiology': 8, 'epidemiology': 2, 'etiology': 7, 'history': 0, 'physical': 1, 'exams': 2, 'differential': 0, 'therapeutic': 0, 'used categories': 5, 'total annotations': 11, 'ideas': 11}",8,2,7,0,1,2,0,0,5,11,11,5.1,2,2,3,1,2,2,3,1,2,2,3,1,2,2,5,2,3.0
6dcbda31-888a-4b98-9ca7-903cef8de97e,76,2.0,5.0,"[[1, 63, 1], [6, 84, 1], [1, 114, 2], [3, 203, 2], [1, 291, 1], [8, 348, 1], [4, 381, 1], [8, 416, 1], [6, 435, 2], [4, 492, 1], [2, 519, 2], [8, 605, 1], [4, 636, 1], [8, 661, 1], [5, 680, 1], [7, 754, 2]]",pathophysiology:63/7; exams:84/5; pathophysiology:114/2; etiology:203/2; pathophysiology:291/1; therapeutic:348/5; history:381/5; therapeutic:416/1; exams:435/2; history:492/1; epidemiology:519/2; therapeutic:605/1; history:636/1; therapeutic:661/1; physical:680/1; differential:754/2,7,0.5625,-0.2549019607843137,"{'pathophysiology': 4, 'epidemiology': 2, 'etiology': 2, 'history': 3, 'physical': 1, 'exams': 3, 'differential': 2, 'therapeutic': 4, 'used categories': 8, 'total annotations': 16, 'ideas': 16}",4,2,2,3,1,3,2,4,8,16,16,6.3,1,1,6,2,2,2,6,2,2,2,6,2,2,2,7,2,5.0
77c4759b-29f6-4c76-8304-9f5b186d28d1,48,3.0,6.0,"[[1, 15, 2], [2, 199, 4], [4, 344, 1], [5, 362, 1], [6, 377, 2], [5, 449, 5]]",pathophysiology:15/2; epidemiology:199/4; history:344/1; physical:362/11; exams:377/2; physical:449/5,1,0.5208333333333334,-0.49999999999999983,"{'pathophysiology': 2, 'epidemiology': 4, 'etiology': 0, 'history': 1, 'physical': 6, 'exams': 2, 'differential': 0, 'therapeutic': 0, 'used categories': 5, 'total annotations': 6, 'ideas': 6}",2,4,0,1,6,2,0,0,5,6,6,5.4,2,2,1,1,2,2,1,0,1,1,1,0,2,2,6,2,4.0
78afdbb2-8281-429c-9288-58f01946e59d,76,2.0,5.0,"[[2, 38, 1], [4, 80, 2], [5, 127, 2], [1, 197, 4], [5, 459, 3]]",epidemiology:38/1; history:80/2; physical:127/8; pathophysiology:197/4; physical:459/3,1,0.4,-0.6666666666666664,"{'pathophysiology': 4, 'epidemiology': 1, 'etiology': 0, 'history': 2, 'physical': 5, 'exams': 0, 'differential': 0, 'therapeutic': 0, 'used categories': 4, 'total annotations': 5, 'ideas': 5}",4,1,0,2,5,0,0,0,4,5,5,6.3,2,2,1,0,2,2,1,0,1,1,1,0,2,2,6,2,3.0
7d59881f-97e8-4e19-84f6-de0a2716041e,73,3.0,7.0,"[[2, 57, 1], [3, 103, 3], [1, 231, 4], [4, 406, 4], [6, 468, 1], [4, 492, 1], [6, 520, 2], [8, 616, 9], [7, 853, 2]]",epidemiology:57/1; etiology:103/3; pathophysiology:231/4; history:406/6; exams:468/5; history:492/1; exams:520/2; therapeutic:616/9; differential:853/2,2,0.6805555555555556,-0.2857142857142857,"{'pathophysiology': 4, 'epidemiology': 1, 'etiology': 3, 'history': 5, 'physical': 0, 'exams': 3, 'differential': 2, 'therapeutic': 9, 'used categories': 7, 'total annotations': 9, 'ideas': 9}",4,1,3,5,0,3,2,9,7,9,9,7.15,2,2,7,2,2,2,7,2,2,2,7,2,2,2,8,2,5.0
8af86408-d1da-419c-b437-2113f21c1cf4,60,3.0,5.0,"[[1, 45, 2], [4, 118, 3], [2, 200, 1], [6, 274, 2], [5, 318, 1], [6, 335, 1]]",pathophysiology:45/2; history:118/3; epidemiology:200/1; exams:274/4; physical:318/1; exams:335/1,1,0.5208333333333334,-0.49999999999999983,"{'pathophysiology': 2, 'epidemiology': 1, 'etiology': 0, 'history': 3, 'physical': 1, 'exams': 3, 'differential': 0, 'therapeutic': 0, 'used categories': 5, 'total annotations': 6, 'ideas': 6}",2,1,0,3,1,3,0,0,5,6,6,5.5,2,2,2,0,2,2,2,0,1,1,2,0,2,2,6,2,4.0
8cac1838-c91d-4ba7-af21-578f42d4512d,82,4.0,8.0,"[[3, 13, 2], [2, 63, 1], [4, 71, 1], [1, 110, 2], [5, 287, 1], [4, 304, 4], [5, 414, 1], [8, 454, 8]]",etiology:13/2; epidemiology:63/1; history:71/9; pathophysiology:110/2; physical:287/3; history:304/4; physical:414/1; therapeutic:454/8,2,0.5625,-0.3333333333333333,"{'pathophysiology': 2, 'epidemiology': 1, 'etiology': 2, 'history': 5, 'physical': 2, 'exams': 0, 'differential': 0, 'therapeutic': 8, 'used categories': 6, 'total annotations': 8, 'ideas': 8}",2,1,2,5,2,0,0,8,6,8,8,8.1,2,2,7,1,2,2,5,2,1,1,7,1,2,2,8,2,5.0
8d2463e0-c035-41c8-b764-fd1b473ebc2e,62,2.0,3.0,"[[1, 26, 2], [3, 94, 1], [5, 136, 3], [6, 232, 1], [4, 281, 1]]",pathophysiology:26/2; etiology:94/1; physical:136/3; exams:232/1; history:281/1,0,0.625,0.0/0.0,"{'pathophysiology': 2, 'epidemiology': 0, 'etiology': 1, 'history': 1, 'physical': 3, 'exams': 1, 'differential': 0, 'therapeutic': 0, 'used categories': 5, 'total annotations': 5, 'ideas': 5}",2,0,1,1,3,1,0,0,5,5,5,4.6,0,0,1,0,1,1,2,0,1,1,1,0,1,1,2,1,5.0
8ddef817-89e2-49af-9270-b062224ad096,44,2.0,2.0,"[[1, 2, 2], [5, 109, 1]]",pathophysiology:2/2; physical:109/1,0,0.25,0.0/0.0,"{'pathophysiology': 2, 'epidemiology': 0, 'etiology': 0, 'history': 0, 'physical': 1, 'exams': 0, 'differential': 0, 'therapeutic': 0, 'used categories': 2, 'total annotations': 2, 'ideas': 2}",2,0,0,0,1,0,0,0,2,2,2,3.2,0,0,0,0,0,0,0,0,0,0,0,0,0,0,1,0,1.0
9328bc06-3340-488d-8531-2c6260646985,44,3.0,4.0,"[[1, 10, 3], [6, 170, 3], [7, 234, 2]]",pathophysiology:10/3; exams:170/3; differential:234/2,0,0.375,0.0/0.0,"{'pathophysiology': 3, 'epidemiology': 0, 'etiology': 0, 'history': 0, 'physical': 0, 'exams': 3, 'differential': 2, 'therapeutic': 0, 'used categories': 3, 'total annotations': 3, 'ideas': 3}",3,0,0,0,0,3,2,0,3,3,3,4.2,0,0,0,0,2,2,0,0,0,0,0,0,2,2,3,2,2.0
937d6441-6436-40d5-9e0c-38d5c51c74be,54,3.0,7.0,"[[1, 6, 4], [2, 177, 1], [3, 202, 3], [5, 290, 5], [4, 467, 7], [8, 566, 3]]",pathophysiology:6/4; epidemiology:177/1; etiology:202/3; physical:290/5; history:467/7; therapeutic:566/3,0,0.75,0.0/0.0,"{'pathophysiology': 4, 'epidemiology': 1, 'etiology': 3, 'history': 7, 'physical': 5, 'exams': 0, 'differential': 0, 'therapeutic': 3, 'used categories': 6, 'total annotations': 6, 'ideas': 6}",4,1,3,7,5,0,0,3,6,6,6,6.2,2,2,1,1,2,2,2,0,1,1,1,1,2,2,8,2,3.0
96bf432e-dffe-4691-967b-2ef3b9bec499,48,2.0,2.0,"[[1, 0, 5]]",pathophysiology:0/5,0,0.125,,"{'pathophysiology': 5, 'epidemiology': 0, 'etiology': 0, 'history': 0, 'physical': 0, 'exams': 0, 'differential': 0, 'therapeutic': 0, 'used categories': 1, 'total annotations': 1, 'ideas': 1}",5,0,0,0,0,0,0,0,1,1,1,3.4,0,0,0,0,0,0,0,0,0,0,0,0,0,0,0,0,1.0
9b249145-b5cd-4191-90ab-0f1afa76c66a,83,3.0,8.0,"[[1, 71, 1], [5, 165, 2], [2, 209, 2], [5, 302, 3], [6, 418, 12], [8, 645, 6]]",pathophysiology:71/1; physical:165/8; epidemiology:209/2; physical:302/3; exams:418/12; therapeutic:645/6,1,0.5208333333333334,-0.49999999999999983,"{'pathophysiology': 1, 'epidemiology': 2, 'etiology': 0, 'history': 0, 'physical': 5, 'exams': 12, 'differential': 0, 'therapeutic': 6, 'used categories': 5, 'total annotations': 6, 'ideas': 6}",1,2,0,0,5,12,0,6,5,6,6,8.15,2,2,4,1,2,2,4,2,0,0,4,1,2,2,5,2,5.0
9baa04ac-a72a-4e8b-8077-8346e7e429e3,62,3.0,4.0,"[[1, 0, 1], [3, 55, 1], [5, 85, 2], [4, 132, 1], [6, 153, 2]]",pathophysiology:0/1; etiology:55/1; physical:85/2; history:132/1; exams:153/2,0,0.625,0.0/0.0,"{'pathophysiology': 1, 'epidemiology': 0, 'etiology': 1, 'history': 1, 'physical': 2, 'exams': 2, 'differential': 0, 'therapeutic': 0, 'used categories': 5, 'total annotations': 5, 'ideas': 5}",1,0,1,1,2,2,0,0,5,5,5,5.1,0,0,1,0,1,1,2,0,1,1,1,0,1,1,2,1,3.0
9be4e8ed-e9b1-409a-b915-f68ad7441b97,45,2.0,5.0,"[[1, 84, 1], [3, 136, 2], [4, 136, 2], [5, 202, 3], [1, 264, 1], [6, 311, 1], [7, 361, 1], [8, 373, 5]]",pathophysiology:84/3; etiology:136/2; history:136/2; physical:202/3; pathophysiology:264/1; exams:311/1; differential:361/1; therapeutic:373/5,1,0.765625,-0.3333333333333333,"{'pathophysiology': 2, 'epidemiology': 0, 'etiology': 2, 'history': 2, 'physical': 3, 'exams': 1, 'differential': 1, 'therapeutic': 5, 'used categories': 7, 'total annotations': 8, 'ideas': 7}",2,0,2,2,3,1,1,5,7,8,7,4.75,1,1,7,1,1,1,5,2,1,1,7,1,1,1,4,1,6.0
9e25af26-8264-421a-81ad-5bd5c4aae8d6,89,3.0,8.0,"[[1, 11, 1], [3, 76, 1], [4, 115, 3], [6, 173, 1], [4, 204, 1], [6, 225, 1], [4, 265, 2], [3, 324, 1], [6, 375, 1], [1, 413, 1], [8, 466, 8]]",pathophysiology:11/3; etiology:76/3; history:115/9; exams:173/3; history:204/1; exams:225/1; history:265/2; etiology:324/1; exams:375/1; pathophysiology:413/1; therapeutic:466/8,5,0.3409090909090909,-0.32000000000000006,"{'pathophysiology': 2, 'epidemiology': 0, 'etiology': 2, 'history': 6, 'physical': 0, 'exams': 3, 'differential': 0, 'therapeutic': 8, 'used categories': 5, 'total annotations': 11, 'ideas': 11}",2,0,2,6,0,3,0,8,5,11,11,8.45,1,1,7,2,2,2,7,2,2,2,7,2,2,2,8,2,5.0
a03d321f-5346-4d85-9bc5-6e5f5d1d6f87,86,3.0,7.0,"[[1, 0, 1], [6, 82, 1], [2, 110, 4], [4, 195, 3], [5, 242, 1], [8, 282, 4], [4, 401, 1], [8, 410, 4], [6, 498, 2], [1, 609, 2], [8, 662, 1], [4, 700, 1], [8, 738, 1]]",pathophysiology:0/5; exams:82/5; epidemiology:110/4; history:195/7; physical:242/1; therapeutic:282/14; history:401/1; therapeutic:410/4; exams:498/2; pathophysiology:609/2; therapeutic:662/1; history:700/1; therapeutic:738/1,6,0.40384615384615385,-0.31884057971014496,"{'pathophysiology': 3, 'epidemiology': 4, 'etiology': 0, 'history': 5, 'physical': 1, 'exams': 3, 'differential': 0, 'therapeutic': 10, 'used categories': 6, 'total annotations': 13, 'ideas': 13}",3,4,0,5,1,3,0,10,6,13,13,7.8,1,1,6,2,2,2,7,2,2,2,6,2,2,2,8,2,5.0
a3ad6a73-6697-4b23-908b-a7d91eff8ce4,63,3.0,5.0,"[[2, 0, 2], [3, 71, 1], [1, 116, 3], [4, 168, 1], [5, 220, 2], [6, 297, 1], [4, 344, 1], [5, 363, 1], [6, 394, 1], [8, 407, 1]]",epidemiology:0/2; etiology:71/1; pathophysiology:116/3; history:168/3; physical:220/4; exams:297/3; history:344/1; physical:363/1; exams:394/1; therapeutic:407/1,3,0.6124999999999999,-0.25000000000000006,"{'pathophysiology': 3, 'epidemiology': 2, 'etiology': 1, 'history': 2, 'physical': 3, 'exams': 2, 'differential': 0, 'therapeutic': 1, 'used categories': 7, 'total annotations': 10, 'ideas': 10}",3,2,1,2,3,2,0,1,7,10,10,5.65,2,2,2,1,2,2,5,2,2,2,2,1,2,2,6,2,4.0
a90ac982-dc10-496c-8655-303afb315ba7,17,3.0,4.0,"[[2, 0, 2], [1, 104, 1], [4, 231, 1], [5, 271, 1], [6, 318, 1], [7, 318, 1], [8, 356, 1]]",epidemiology:0/2; pathophysiology:104/1; history:231/1; physical:271/1; exams:318/1; differential:318/1; therapeutic:356/1,0,0.875,0.0/0.0,"{'pathophysiology': 1, 'epidemiology': 2, 'etiology': 0, 'history': 1, 'physical': 1, 'exams': 1, 'differential': 1, 'therapeutic': 1, 'used categories': 7, 'total annotations': 7, 'ideas': 6}",1,2,0,1,1,1,1,1,7,7,6,2.85,2,2,2,1,2,2,2,0,2,2,2,1,2,2,6,2,5.0
afe606aa-4755-4bf3-a75e-40d7a04d3d54,59,2.0,3.0,"[[2, 163, 2], [3, 250, 4], [1, 337, 2], [5, 492, 9]]",epidemiology:163/2; etiology:250/4; pathophysiology:337/2; physical:492/9,0,0.5,0.0/0.0,"{'pathophysiology': 2, 'epidemiology': 2, 'etiology': 4, 'history': 0, 'physical': 9, 'exams': 0, 'differential': 0, 'therapeutic': 0, 'used categories': 4, 'total annotations': 4, 'ideas': 4}",2,2,4,0,9,0,0,0,4,4,4,4.45,2,2,1,0,2,2,1,0,0,0,1,0,2,2,5,2,3.0
b120b08c-8d6d-4fbd-999a-85046ee434aa,59,3.0,5.0,"[[2, 20, 1], [3, 35, 1], [2, 47, 2], [4, 70, 1], [1, 100, 4], [5, 230, 3], [6, 264, 7]]",epidemiology:20/5; etiology:35/1; epidemiology:47/2; history:70/1; pathophysiology:100/4; physical:230/3; exams:264/7,1,0.6428571428571429,-0.4000000000000002,"{'pathophysiology': 4, 'epidemiology': 3, 'etiology': 1, 'history': 1, 'physical': 3, 'exams': 7, 'differential': 0, 'therapeutic': 0, 'used categories': 6, 'total annotations': 7, 'ideas': 7}",4,3,1,1,3,7,0,0,6,7,7,5.45,2,2,4,1,2,2,4,2,2,2,4,1,2,2,6,2,4.0
b186e7b9-ab51-4566-9e78-4e288b82bf77,79,2.0,5.0,"[[3, 28, 2], [4, 98, 2], [5, 137, 2], [4, 183, 1], [1, 233, 1], [2, 296, 3], [8, 428, 2]]",etiology:28/2; history:98/4; physical:137/2; history:183/1; pathophysiology:233/1; epidemiology:296/3; therapeutic:428/2,1,0.6428571428571429,-0.4000000000000002,"{'pathophysiology': 1, 'epidemiology': 3, 'etiology': 2, 'history': 3, 'physical': 2, 'exams': 0, 'differential': 0, 'therapeutic': 2, 'used categories': 6, 'total annotations': 7, 'ideas': 7}",1,3,2,3,2,0,0,2,6,7,7,6.45,2,2,2,1,2,2,2,0,1,1,2,1,2,2,8,2,4.0
b61f5a0f-0cd6-43c9-9c66-b1d0cdb6b0c1,74,4.0,9.0,"[[3, 114, 1], [1, 159, 3], [6, 327, 1], [1, 355, 1], [6, 423, 2], [7, 423, 1], [4, 477, 2], [6, 517, 1], [8, 560, 5], [4, 741, 1], [8, 784, 3]]",etiology:114/1; pathophysiology:159/5; exams:327/7; pathophysiology:355/1; exams:423/2; differential:423/1; history:477/4; exams:517/1; therapeutic:560/11; history:741/1; therapeutic:784/3,5,0.40909090909090906,-0.27906976744186046,"{'pathophysiology': 4, 'epidemiology': 0, 'etiology': 1, 'history': 3, 'physical': 0, 'exams': 4, 'differential': 1, 'therapeutic': 8, 'used categories': 6, 'total annotations': 11, 'ideas': 10}",4,0,1,3,0,4,1,8,6,11,10,8.2,1,1,7,2,2,2,7,2,2,2,7,2,2,2,7,2,5.0
b6e0b073-8105-4510-aa89-86b07cc945c5,70,3.0,6.0,"[[2, 0, 3], [6, 108, 2], [8, 192, 1], [4, 197, 1], [5, 216, 1], [8, 230, 2], [1, 296, 3], [5, 378, 1], [8, 448, 2], [1, 496, 1]]",epidemiology:0/3; exams:108/2; therapeutic:192/9; history:197/1; physical:216/3; therapeutic:230/2; pathophysiology:296/5; physical:378/1; therapeutic:448/2; pathophysiology:496/1,4,0.44999999999999996,-0.3333333333333333,"{'pathophysiology': 4, 'epidemiology': 3, 'etiology': 0, 'history': 1, 'physical': 2, 'exams': 2, 'differential': 0, 'therapeutic': 5, 'used categories': 6, 'total annotations': 10, 'ideas': 10}",4,3,0,1,2,2,0,5,6,10,10,6.5,2,2,7,1,2,2,5,2,2,2,7,1,2,2,6,2,5.0
b8e625cd-8fbe-4bc6-a538-53bc67db9a67,56,4.0,7.0,"[[1, 20, 1], [2, 57, 1], [3, 131, 2], [1, 185, 2], [4, 250, 1], [1, 281, 1], [4, 360, 1], [5, 368, 1], [6, 381, 1], [5, 428, 1], [8, 446, 1], [6, 483, 1], [7, 524, 1], [1, 580, 1], [8, 594, 3], [1, 701, 2], [5, 768, 1]]",pathophysiology:20/13; epidemiology:57/1; etiology:131/2; pathophysiology:185/2; history:250/3; pathophysiology:281/1; history:360/1; physical:368/5; exams:381/3; physical:428/1; therapeutic:446/7; exams:483/1; differential:524/1; pathophysiology:580/1; therapeutic:594/3; pathophysiology:701/2; physical:768/1,9,0.47058823529411764,-0.2644628099173554,"{'pathophysiology': 7, 'epidemiology': 1, 'etiology': 2, 'history': 2, 'physical': 3, 'exams': 2, 'differential': 1, 'therapeutic': 4, 'used categories': 8, 'total annotations': 17, 'ideas': 17}",7,1,2,2,3,2,1,4,8,17,17,6.3,2,2,6,2,2,2,6,2,2,2,6,2,2,2,7,2,3.0
b9b6928c-c6a6-41a8-a19a-a44fce570414,63,2.0,5.0,"[[2, 5, 1], [3, 29, 1], [8, 56, 2], [4, 140, 3], [5, 214, 1], [4, 275, 1], [5, 319, 4], [8, 389, 2]]",epidemiology:5/1; etiology:29/1; therapeutic:56/6; history:140/5; physical:214/9; history:275/1; physical:319/4; therapeutic:389/2,3,0.390625,-0.3333333333333333,"{'pathophysiology': 0, 'epidemiology': 1, 'etiology': 1, 'history': 4, 'physical': 5, 'exams': 0, 'differential': 0, 'therapeutic': 4, 'used categories': 5, 'total annotations': 8, 'ideas': 8}",0,1,1,4,5,0,0,4,5,8,8,5.65,2,2,1,1,2,2,2,0,2,2,1,1,2,2,8,2,6.0
b9e2cb64-2ca6-4168-b77b-10823f5aacac,36,2.0,5.0,"[[2, 22, 1], [3, 59, 2], [7, 123, 2], [4, 152, 3], [6, 195, 2], [5, 226, 1], [1, 302, 1], [7, 312, 1], [8, 340, 1], [6, 368, 4]]",epidemiology:22/1; etiology:59/2; differential:123/4; history:152/3; exams:195/10; physical:226/1; pathophysiology:302/1; differential:312/1; therapeutic:340/1; exams:368/4,2,0.8,-0.24999999999999994,"{'pathophysiology': 1, 'epidemiology': 1, 'etiology': 2, 'history': 3, 'physical': 1, 'exams': 6, 'differential': 3, 'therapeutic': 1, 'used categories': 8, 'total annotations': 10, 'ideas': 10}",1,1,2,3,1,6,3,1,8,10,10,4.3,2,2,4,1,2,2,4,2,2,2,4,1,2,2,6,2,4.0
c90e4a05-5220-42d6-adb4-90c71b01dad8,41,2.0,4.0,"[[1, 64, 1], [5, 107, 1], [1, 123, 2], [3, 168, 1], [4, 190, 2], [8, 303, 3]]",pathophysiology:64/5; physical:107/1; pathophysiology:123/2; etiology:168/1; history:190/2; therapeutic:303/3,1,0.5208333333333334,-0.49999999999999983,"{'pathophysiology': 3, 'epidemiology': 0, 'etiology': 1, 'history': 2, 'physical': 1, 'exams': 0, 'differential': 0, 'therapeutic': 3, 'used categories': 5, 'total annotations': 6, 'ideas': 6}",3,0,1,2,1,0,0,3,5,6,6,4.05,1,1,2,1,1,1,2,0,1,1,2,0,1,1,4,1,1.0
ce6ff14a-b741-4744-8dd2-086228dbc717,44,1.0,2.0,"[[1, 52, 2], [4, 164, 1], [1, 197, 1]]",pathophysiology:52/4; history:164/1; pathophysiology:197/1,1,0.16666666666666669,-2.000000000000001,"{'pathophysiology': 3, 'epidemiology': 0, 'etiology': 0, 'history': 1, 'physical': 0, 'exams': 0, 'differential': 0, 'therapeutic': 0, 'used categories': 2, 'total annotations': 3, 'ideas': 3}",3,0,0,1,0,0,0,0,2,3,3,3.2,0,0,0,0,1,1,0,0,1,1,0,0,1,1,2,1,1.0
d01e1ad5-30c2-4331-aa4d-82a039818e2a,37,1.0,2.0,"[[1, 2, 3], [8, 143, 1]]",pathophysiology:2/3; therapeutic:143/1,0,0.25,0.0/0.0,"{'pathophysiology': 3, 'epidemiology': 0, 'etiology': 0, 'history': 0, 'physical': 0, 'exams': 0, 'differential': 0, 'therapeutic': 1, 'used categories': 2, 'total annotations': 2, 'ideas': 2}",3,0,0,0,0,0,0,1,2,2,2,2.85,1,1,0,0,2,2,0,0,0,0,0,0,2,2,3,2,1.0
d6aaf785-58ea-40c8-846d-05d96b6f1809,64,3.0,6.0,"[[1, 29, 4], [2, 140, 1], [3, 165, 2], [4, 231, 1], [1, 303, 8], [6, 655, 2], [4, 723, 1], [6, 751, 2], [8, 838, 5]]",pathophysiology:29/20; epidemiology:140/1; etiology:165/2; history:231/3; pathophysiology:303/8; exams:655/6; history:723/1; exams:751/2; therapeutic:838/5,3,0.5,-0.2857142857142858,"{'pathophysiology': 12, 'epidemiology': 1, 'etiology': 2, 'history': 2, 'physical': 0, 'exams': 4, 'differential': 0, 'therapeutic': 5, 'used categories': 6, 'total annotations': 9, 'ideas': 9}",12,1,2,2,0,4,0,5,6,9,9,6.2,2,2,3,1,2,2,3,1,2,2,3,1,2,2,8,2,4.0
d7f7820d-aee7-4fc9-897f-367925130015,61,4.0,7.0,"[[1, 12, 2], [4, 110, 3], [5, 198, 2], [6, 259, 2], [8, 334, 3]]",pathophysiology:12/2; history:110/3; physical:198/2; exams:259/2; therapeutic:334/3,0,0.625,0.0/0.0,"{'pathophysiology': 2, 'epidemiology': 0, 'etiology': 0, 'history': 3, 'physical': 2, 'exams': 2, 'differential': 0, 'therapeutic': 3, 'used categories': 5, 'total annotations': 5, 'ideas': 5}",2,0,0,3,2,2,0,3,5,5,5,6.55,1,1,2,1,1,1,2,0,1,1,2,0,1,1,4,1,4.0
da07db2e-6747-4d19-97e0-e97ced056c35,96,3.0,8.0,"[[4, 52, 2], [2, 95, 2], [1, 183, 2], [5, 276, 4], [6, 346, 3], [8, 468, 1], [6, 496, 1], [1, 523, 2], [8, 586, 5], [1, 761, 3], [8, 917, 1]]",history:52/2; epidemiology:95/2; pathophysiology:183/12; physical:276/4; exams:346/5; therapeutic:468/11; exams:496/1; pathophysiology:523/2; therapeutic:586/5; pathophysiology:761/3; therapeutic:917/1,4,0.4772727272727273,-0.3414634146341464,"{'pathophysiology': 7, 'epidemiology': 2, 'etiology': 0, 'history': 2, 'physical': 4, 'exams': 4, 'differential': 0, 'therapeutic': 7, 'used categories': 6, 'total annotations': 11, 'ideas': 11}",7,2,0,2,4,4,0,7,6,11,11,8.8,2,2,6,2,2,2,6,2,2,2,6,2,2,2,8,2,5.0
db84f041-b522-4023-9b67-9d53264c8146,56,2.0,5.0,"[[2, 13, 1], [3, 57, 2], [2, 138, 1], [4, 181, 6], [1, 205, 1], [8, 367, 1], [1, 417, 1], [4, 471, 1], [8, 495, 1]]",epidemiology:13/3; etiology:57/2; epidemiology:138/1; history:181/8; pathophysiology:205/3; therapeutic:367/3; pathophysiology:417/1; history:471/1; therapeutic:495/1,4,0.3472222222222222,-0.2857142857142857,"{'pathophysiology': 2, 'epidemiology': 2, 'etiology': 2, 'history': 7, 'physical': 0, 'exams': 0, 'differential': 0, 'therapeutic': 2, 'used categories': 5, 'total annotations': 9, 'ideas': 9}",2,2,2,7,0,0,0,2,5,9,9,5.3,2,2,2,1,2,2,2,0,2,2,2,1,2,2,8,2,4.0
e41153d7-04c2-4b11-9429-2c25963ee325,50,3.0,6.0,"[[2, 80, 1], [4, 142, 1], [6, 175, 1], [7, 216, 2], [1, 359, 2], [4, 491, 1], [8, 541, 1]]",epidemiology:80/1; history:142/3; exams:175/1; differential:216/2; pathophysiology:359/2; history:491/1; therapeutic:541/1,1,0.6428571428571429,-0.4000000000000002,"{'pathophysiology': 2, 'epidemiology': 1, 'etiology': 0, 'history': 2, 'physical': 0, 'exams': 1, 'differential': 2, 'therapeutic': 1, 'used categories': 6, 'total annotations': 7, 'ideas': 7}",2,1,0,2,0,1,2,1,6,7,7,5.5,2,2,2,1,2,2,2,0,2,2,2,1,2,2,8,2,3.0
e4b58dec-68d1-4cee-a8ab-e30d7ea340e0,88,3.0,8.0,"[[2, 19, 1], [1, 27, 2], [3, 74, 1], [4, 100, 1], [5, 107, 1], [4, 129, 1], [5, 154, 1], [6, 194, 3], [4, 294, 2], [6, 331, 1], [4, 369, 2], [1, 465, 1], [5, 490, 3], [8, 578, 7]]",epidemiology:19/1; pathophysiology:27/4; etiology:74/1; history:100/11; physical:107/9; history:129/1; physical:154/1; exams:194/5; history:294/2; exams:331/1; history:369/2; pathophysiology:465/1; physical:490/3; therapeutic:578/7,7,0.4375,-0.2894736842105263,"{'pathophysiology': 3, 'epidemiology': 1, 'etiology': 1, 'history': 6, 'physical': 5, 'exams': 4, 'differential': 0, 'therapeutic': 7, 'used categories': 7, 'total annotations': 14, 'ideas': 14}",3,1,1,6,5,4,0,7,7,14,14,8.4,2,2,6,2,2,2,6,2,2,2,6,2,2,2,6,2,6.0
e95a3f59-1f11-4b16-a197-862eb5cc1c99,77,2.0,5.0,"[[3, 23, 1], [1, 67, 4], [4, 179, 1], [5, 194, 8]]",etiology:23/1; pathophysiology:67/4; history:179/1; physical:194/8,0,0.5,0.0/0.0,"{'pathophysiology': 4, 'epidemiology': 0, 'etiology': 1, 'history': 1, 'physical': 8, 'exams': 0, 'differential': 0, 'therapeutic': 0, 'used categories': 4, 'total annotations': 4, 'ideas': 4}",4,0,1,1,8,0,0,0,4,4,4,6.35,0,0,1,0,1,1,1,0,1,1,1,0,1,1,2,1,3.0
ea2a2261-0b36-43ca-9746-bb3d270f5c24,82,2.0,4.0,"[[3, 43, 2], [2, 43, 2], [6, 77, 2], [1, 132, 3], [5, 269, 1], [1, 333, 1], [5, 354, 1], [1, 407, 2]]",epidemiology:43/2; etiology:43/2; exams:77/2; pathophysiology:132/9; physical:269/3; pathophysiology:333/1; physical:354/1; pathophysiology:407/2,3,0.390625,-0.5,"{'pathophysiology': 6, 'epidemiology': 2, 'etiology': 2, 'history': 0, 'physical': 2, 'exams': 2, 'differential': 0, 'therapeutic': 0, 'used categories': 5, 'total annotations': 8, 'ideas': 7}",6,2,2,0,2,2,0,0,5,8,7,6.1,2,2,3,1,2,2,3,1,0,0,3,1,2,2,5,2,6.0
f1cffa80-f6df-4b96-97e4-8bf2e7c808a8,58,3.0,7.0,"[[1, 32, 3], [3, 199, 4], [4, 388, 1], [5, 417, 4], [6, 581, 1], [4, 596, 2], [6, 655, 1], [8, 695, 3]]",pathophysiology:32/3; etiology:199/4; history:388/5; physical:417/4; exams:581/3; history:596/2; exams:655/1; therapeutic:695/3,2,0.5625,-0.3333333333333333,"{'pathophysiology': 3, 'epidemiology': 0, 'etiology': 4, 'history': 3, 'physical': 4, 'exams': 2, 'differential': 0, 'therapeutic': 3, 'used categories': 6, 'total annotations': 8, 'ideas': 8}",3,0,4,3,4,2,0,3,6,8,8,6.4,1,1,1,1,1,1,5,2,1,1,1,1,1,1,4,1,5.0
f7a787d5-dba2-4be2-b74e-9c5a2306f1ca,92,3.0,6.0,"[[1, 0, 1], [2, 53, 1], [4, 93, 3], [6, 161, 2], [1, 235, 1], [8, 280, 1], [7, 314, 1], [6, 335, 1], [5, 355, 2], [8, 430, 10]]",pathophysiology:0/3; epidemiology:53/1; history:93/3; exams:161/4; pathophysiology:235/1; therapeutic:280/21; differential:314/1; exams:335/1; physical:355/2; therapeutic:430/10,3,0.6124999999999999,-0.25000000000000006,"{'pathophysiology': 2, 'epidemiology': 1, 'etiology': 0, 'history': 3, 'physical': 2, 'exams': 3, 'differential': 1, 'therapeutic': 11, 'used categories': 7, 'total annotations': 10, 'ideas': 10}",2,1,0,3,2,3,1,11,7,10,10,7.6,2,2,7,2,2,2,7,2,2,2,7,2,2,2,6,2,6.0
f8a151f2-0e5b-4ddf-92ec-ced60af0de1d,51,2.0,4.0,"[[3, 29, 1], [1, 53, 2], [5, 155, 1], [4, 170, 3]]",etiology:29/1; pathophysiology:53/2; physical:155/1; history:170/3,0,0.5,0.0/0.0,"{'pathophysiology': 2, 'epidemiology': 0, 'etiology': 1, 'history': 3, 'physical': 1, 'exams': 0, 'differential': 0, 'therapeutic': 0, 'used categories': 4, 'total annotations': 4, 'ideas': 4}",2,0,1,3,1,0,0,0,4,4,4,4.55,0,0,0,0,1,1,2,0,1,1,0,0,1,1,2,1,3.0
fbbe1f75-6c74-4fe2-bbe2-d10ac5f49ea9,72,2.0,5.0,"[[4, 64, 1], [3, 104, 1], [2, 116, 1], [4, 159, 1], [6, 179, 1], [5, 227, 3], [1, 347, 1], [5, 394, 1], [8, 546, 1], [3, 564, 2], [8, 640, 3]]",history:64/3; etiology:104/5; epidemiology:116/1; history:159/1; exams:179/1; physical:227/5; pathophysiology:347/1; physical:394/1; therapeutic:546/7; etiology:564/2; therapeutic:640/3,4,0.5568181818181818,-0.22222222222222224,"{'pathophysiology': 1, 'epidemiology': 1, 'etiology': 3, 'history': 2, 'physical': 4, 'exams': 1, 'differential': 0, 'therapeutic': 4, 'used categories': 7, 'total annotations': 11, 'ideas': 11}",1,1,3,2,4,1,0,4,7,11,11,6.1,2,2,7,1,2,2,5,2,2,2,7,1,2,2,8,2,4.0
fbc7a0cb-4210-41f5-a2b2-a95b9e74a6f4,62,2.0,5.0,"[[1, 39, 3], [5, 180, 3], [1, 278, 2], [5, 331, 1], [4, 370, 1], [2, 427, 2]]",pathophysiology:39/7; physical:180/5; pathophysiology:278/2; physical:331/1; history:370/1; epidemiology:427/2,2,0.33333333333333337,-0.5000000000000001,"{'pathophysiology': 5, 'epidemiology': 2, 'etiology': 0, 'history': 1, 'physical': 4, 'exams': 0, 'differential': 0, 'therapeutic': 0, 'used categories': 4, 'total annotations': 6, 'ideas': 6}",5,2,0,1,4,0,0,0,4,6,6,5.6,2,2,1,0,2,2,1,0,1,1,1,0,2,2,6,2,3.0
fc2d3c1f-8030-4726-9370-538977810d87,38,2.0,5.0,"[[4, 13, 2], [1, 80, 5]]",history:13/2; pathophysiology:80/5,0,0.25,0.0/0.0,"{'pathophysiology': 5, 'epidemiology': 0, 'etiology': 0, 'history': 2, 'physical': 0, 'exams': 0, 'differential': 0, 'therapeutic': 0, 'used categories': 2, 'total annotations': 2, 'ideas': 2}",5,0,0,2,0,0,0,0,2,2,2,4.4,0,0,0,0,1,1,0,0,1,1,0,0,1,1,2,1,2.0
fc6e1a18-9791-409b-bfd4-9f0d48f73370,54,2.0,3.0,"[[1, 2, 2], [3, 115, 1], [1, 125, 4], [5, 282, 1], [1, 337, 1], [5, 451, 1], [1, 486, 6], [8, 733, 1], [1, 790, 1], [8, 829, 1], [5, 878, 3], [8, 988, 2]]",pathophysiology:2/26; etiology:115/1; pathophysiology:125/4; physical:282/9; pathophysiology:337/1; physical:451/1; pathophysiology:486/6; therapeutic:733/3; pathophysiology:790/1; therapeutic:829/1; physical:878/3; therapeutic:988/2,7,0.20833333333333331,-0.49999999999999994,"{'pathophysiology': 14, 'epidemiology': 0, 'etiology': 1, 'history': 0, 'physical': 5, 'exams': 0, 'differential': 0, 'therapeutic': 4, 'used categories': 4, 'total annotations': 12, 'ideas': 12}",14,0,1,0,5,0,0,4,4,12,12,4.2,1,1,3,1,2,2,3,1,0,0,3,1,2,2,7,2,1.0
fe14f020-839f-470f-acf4-7c31df50b381,51,2.0,3.0,"[[1, 65, 1], [5, 192, 1], [3, 252, 3]]",pathophysiology:65/1; physical:192/1; etiology:252/3,0,0.375,0.0/0.0,"{'pathophysiology': 1, 'epidemiology': 0, 'etiology': 3, 'history': 0, 'physical': 1, 'exams': 0, 'differential': 0, 'therapeutic': 0, 'used categories': 3, 'total annotations': 3, 'ideas': 3}",1,0,3,0,1,0,0,0,3,3,3,4.05,0,0,0,0,0,0,0,0,0,0,0,0,0,0,1,0,2.0
fe882567-7326-4c3d-938e-ba03759cecc0,55,1.0,1.0,"[[1, 9, 2], [5, 71, 1]]",pathophysiology:9/2; physical:71/1,0,0.25,0.0/0.0,"{'pathophysiology': 2, 'epidemiology': 0, 'etiology': 0, 'history': 0, 'physical': 1, 'exams': 0, 'differential': 0, 'therapeutic': 0, 'used categories': 2, 'total annotations': 2, 'ideas': 2}",2,0,0,0,1,0,0,0,2,2,2,3.25,0,0,0,0,0,0,0,0,0,0,0,0,0,0,1,0,1.0
